Nome,URL
"Efootball Pes 2020","https://pokopow.com/efootball-pes-2020/"
"Battlebit Remastered","https://pokopow.com/battlebit-remastered/"
"Naruto Shippuden Ultimate Ninja Storm 3","https://pokopow.com/naruto-shippuden-ultimate-ninja-storm-3/"
"Sword Art Online Fatal Bullet","https://pokopow.com/sword-art-online-fatal-bullet/"
"Fifa 18","https://pokopow.com/fifa-18/"
"Fate Seeker 2","https://pokopow.com/fate-seeker-2/"
"Backrooms Escape Together","https://pokopow.com/backrooms-escape-together/"
"Ultimate Chicken Horse","https://pokopow.com/ultimate-chicken-horse/"
"Internet Cafe Simulator","https://pokopow.com/internet-cafe-simulator/"
"Witchfire","https://pokopow.com/witchfire/"
"Naruto Shippuden Ultimate Ninja Storm 4","https://pokopow.com/naruto-shippuden-ultimate-ninja-storm-4/"
"Pirates Outlaws","https://pokopow.com/pirates-outlaws/"
"Skul The Hero Slayer","https://pokopow.com/skul-the-hero-slayer/"
"The Legend Of Heroes Trails Of Cold Steel Iii","https://pokopow.com/the-legend-of-heroes-trails-of-cold-steel-iii/"
"Poppy Playtime","https://pokopow.com/poppy-playtime/"
"Case Animatronics","https://pokopow.com/case-animatronics/"
"Bioshock 2 Remastered","https://pokopow.com/bioshock-2-remastered/"
"Call Of Duty Black Ops","https://pokopow.com/call-of-duty-black-ops/"
"Dyson Sphere Program","https://pokopow.com/dyson-sphere-program/"
"Sniper Elite Resistance","https://pokopow.com/sniper-elite-resistance/"
"Streets Of Rage 4","https://pokopow.com/streets-of-rage-4/"
"Biomutant","https://pokopow.com/biomutant/"
"Neon Abyss 2","https://pokopow.com/neon-abyss-2/"
"Oxygen Not Included","https://pokopow.com/oxygen-not-included/"
"Lego Batman 3 Beyond Gotham","https://pokopow.com/lego-batman-3-beyond-gotham/"
"Persona 5 Tactica","https://pokopow.com/persona-5-tactica/"
"Dorfromantik","https://pokopow.com/dorfromantik/"
"Sonic Mania","https://pokopow.com/sonic-mania/"
"This War Of Mine","https://pokopow.com/this-war-of-mine/"
"Train Simulator Classic 2024","https://pokopow.com/train-simulator-classic-2024/"
"Far Cry 3","https://pokopow.com/far-cry-3/"
"Project Lazarus","https://pokopow.com/project-lazarus/"
"Ultrakill","https://pokopow.com/ultrakill/"
"Portal Knights","https://pokopow.com/portal-knights/"
"Prototype","https://pokopow.com/prototype/"
"Vampire Survivors","https://pokopow.com/vampire-survivors/"
"Spec Ops The Line","https://pokopow.com/spec-ops-the-line/"
"Bully Scholarship Edition","https://pokopow.com/bully-scholarship-edition/"
"Tale Of Immortal","https://pokopow.com/tale-of-immortal/"
"Kane And Lynch Dead Men","https://pokopow.com/kane-and-lynch-dead-men/"
"Warno","https://pokopow.com/warno/"
"Dayz","https://pokopow.com/dayz/"
"Liars Bar","https://pokopow.com/liars-bar/"
"Resident Evil 4","https://pokopow.com/resident-evil-4/"
"Demon Slayer Kimetsu No Yaiba The Hinokami Chronicles","https://pokopow.com/demon-slayer-kimetsu-no-yaiba-the-hinokami-chronicles/"
"Need For Speed Most Wanted","https://pokopow.com/need-for-speed-most-wanted/"
"Fatal Fury City Of The Wolves","https://pokopow.com/fatal-fury-city-of-the-wolves/"
"Kingdom Come Deliverance","https://pokopow.com/kingdom-come-deliverance/"
"Forza Horizon 4","https://pokopow.com/forza-horizon-4/"
"Farming Simulator 22","https://pokopow.com/farming-simulator-22/"
"Serious Sam 4","https://pokopow.com/serious-sam-4/"
"Tainted Grail Conquest","https://pokopow.com/tainted-grail-conquest/"
"Lossless Scaling","https://pokopow.com/lossless-scaling/"
"Victoria 3","https://pokopow.com/victoria-3/"
"Dragons Dogma Dark Arisen","https://pokopow.com/dragons-dogma-dark-arisen/"
"Kingdom Heroes 8","https://pokopow.com/kingdom-heroes-8/"
"The Crew 2","https://pokopow.com/the-crew-2/"
"Captain Tsubasa Rise Of New Champions","https://pokopow.com/captain-tsubasa-rise-of-new-champions/"
"Monster Hunter World","https://pokopow.com/monster-hunter-world/"
"Wobbly Life","https://pokopow.com/wobbly-life/"
"Ranch Simulator","https://pokopow.com/ranch-simulator/"
"Atlas","https://pokopow.com/atlas/"
"Repo","https://pokopow.com/repo/"
"Nba 2k19","https://pokopow.com/nba-2k19/"
"Heros Adventure Road To Passion 2","https://pokopow.com/heros-adventure-road-to-passion-2/"
"Dark Souls Remastered","https://pokopow.com/dark-souls-remastered/"
"Subnautica Below Zero","https://pokopow.com/subnautica-below-zero/"
"Atomic Heart","https://pokopow.com/atomic-heart/"
"Borderlands 2","https://pokopow.com/borderlands-2/"
"Lethal Company","https://pokopow.com/lethal-company/"
"Battlefield V","https://pokopow.com/battlefield-v/"
"Forager","https://pokopow.com/forager/"
"Street Fighter V","https://pokopow.com/street-fighter-v/"
"The Legend Of Heroes Zero No Kiseki Kai","https://pokopow.com/the-legend-of-heroes-zero-no-kiseki-kai/"
"High On Life","https://pokopow.com/high-on-life/"
"Wheres My Helmet","https://pokopow.com/wheres-my-helmet/"
"Miasma Chronicles","https://pokopow.com/miasma-chronicles/"
"Crash Bandicoot N Sane Trilogy","https://pokopow.com/crash-bandicoot-n-sane-trilogy/"
"Farm Together","https://pokopow.com/farm-together/"
"Dragon Ball Z Kakarot","https://pokopow.com/dragon-ball-z-kakarot/"
"Robocop Rogue City","https://pokopow.com/robocop-rogue-city/"
"City Car Driving","https://pokopow.com/city-car-driving/"
"Mortal Kombat X","https://pokopow.com/mortal-kombat-x/"
"The Infected","https://pokopow.com/the-infected/"
"Like A Dragon Infinite Wealth","https://pokopow.com/like-a-dragon-infinite-wealth/"
"Remnant From The Ashes","https://pokopow.com/remnant-from-the-ashes/"
"Shadow Warrior 3","https://pokopow.com/shadow-warrior-3/"
"Amnesia A Machine For Pigs","https://pokopow.com/amnesia-a-machine-for-pigs/"
"The Elder Scrolls Iv Oblivion Remastered","https://pokopow.com/the-elder-scrolls-iv-oblivion-remastered/"
"Dishonored","https://pokopow.com/dishonored/"
"Five Nights At Freddys Secret Of The Mimic","https://pokopow.com/five-nights-at-freddys-secret-of-the-mimic/"
"Fears To Fathom Norwood Hitchhike","https://pokopow.com/fears-to-fathom-norwood-hitchhike/"
"Layers Of Fear 2016","https://pokopow.com/layers-of-fear-2016/"
"Max Payne 3","https://pokopow.com/max-payne-3/"
"Amazing Cultivation Simulator","https://pokopow.com/amazing-cultivation-simulator/"
"60 Seconds Reatomized","https://pokopow.com/60-seconds-reatomized/"
"Mxgp Pro","https://pokopow.com/mxgp-pro/"
"Saints Row 2","https://pokopow.com/saints-row-2/"
"The King Of Fighters Xv","https://pokopow.com/the-king-of-fighters-xv/"
"Satisfactory","https://pokopow.com/satisfactory/"
"The Evil Within 2","https://pokopow.com/the-evil-within-2/"
"Stellaris","https://pokopow.com/stellaris/"
"Dynasty Warriors 9","https://pokopow.com/dynasty-warriors-9/"
"Hellblade Senuas Sacrifice","https://pokopow.com/hellblade-senuas-sacrifice/"
"Bioshock Infinite","https://pokopow.com/bioshock-infinite/"
"Jujutsu Kaisen Cursed Clash","https://pokopow.com/jujutsu-kaisen-cursed-clash/"
"Dark Sector","https://pokopow.com/dark-sector/"
"Totally Accurate Battle Simulator","https://pokopow.com/totally-accurate-battle-simulator/"
"Ravenous Devils","https://pokopow.com/ravenous-devils/"
"Lego Marvel Super Heroes 2","https://pokopow.com/lego-marvel-super-heroes-2/"
"The Dark Pictures Anthology House Of Ashes","https://pokopow.com/the-dark-pictures-anthology-house-of-ashes/"
"Stalker Shadow Of Chernobyl","https://pokopow.com/stalker-shadow-of-chernobyl/"
"Left 4 Dead 2","https://pokopow.com/left-4-dead-2/"
"Crysis 3 Remastered","https://pokopow.com/crysis-3-remastered/"
"Kingdom Rush Origins","https://pokopow.com/kingdom-rush-origins/"
"Soulmask","https://pokopow.com/soulmask/"
"Octopath Traveler Ii","https://pokopow.com/octopath-traveler-ii/"
"Frostpunk","https://pokopow.com/frostpunk/"
"Grand Theft Auto San Andreas","https://pokopow.com/grand-theft-auto-san-andreas/"
"Assassins Creed Ii","https://pokopow.com/assassins-creed-ii/"
"Devil May Cry Hd Collection","https://pokopow.com/devil-may-cry-hd-collection/"
"Holdfast Nations At War","https://pokopow.com/holdfast-nations-at-war/"
"Metro Exodus","https://pokopow.com/metro-exodus/"
"Beyond Two Souls","https://pokopow.com/beyond-two-souls/"
"Rage 2","https://pokopow.com/rage-2/"
"Football Manager 2017","https://pokopow.com/football-manager-2017/"
"Metro Last Light Redux","https://pokopow.com/metro-last-light-redux/"
"Dynasty Warriors Origins","https://pokopow.com/dynasty-warriors-origins/"
"Sayonara Wild Hearts","https://pokopow.com/sayonara-wild-hearts/"
"Rv There Yet","https://pokopow.com/rv-there-yet/"
"Total War Warhammer Iii","https://pokopow.com/total-war-warhammer-iii/"
"Planet Coaster","https://pokopow.com/planet-coaster/"
"One Piece Pirate Warriors 4","https://pokopow.com/one-piece-pirate-warriors-4/"
"To The Moon","https://pokopow.com/to-the-moon/"
"Fifa 19","https://pokopow.com/fifa-19/"
"Thief Simulator 2","https://pokopow.com/thief-simulator-2/"
"Bomber Crew","https://pokopow.com/bomber-crew/"
"Remnant 2","https://pokopow.com/remnant-2/"
"Sleeping Dogs Definitive Edition","https://pokopow.com/sleeping-dogs-definitive-edition/"
"Raft","https://pokopow.com/raft/"
"The Escapists 2","https://pokopow.com/the-escapists-2/"
"The Slormancer","https://pokopow.com/the-slormancer/"
"Horizon Forbidden West Complete Edition","https://pokopow.com/horizon-forbidden-west-complete-edition/"
"Bigfoot","https://pokopow.com/bigfoot/"
"Deltarune","https://pokopow.com/deltarune/"
"The Witcher Enhanced Edition","https://pokopow.com/the-witcher-enhanced-edition/"
"My Time At Sandrock","https://pokopow.com/my-time-at-sandrock/"
"Boneworks","https://pokopow.com/boneworks/"
"Lego Batman The Videogame","https://pokopow.com/lego-batman-the-videogame/"
"Sifu","https://pokopow.com/sifu/"
"Arma 3","https://pokopow.com/arma-3/"
"Homefront","https://pokopow.com/homefront/"
"Paint The Town Red","https://pokopow.com/paint-the-town-red/"
"Goat Simulator 3","https://pokopow.com/goat-simulator-3/"
"Bus Simulator 21 Next Stop","https://pokopow.com/bus-simulator-21-next-stop/"
"Ori And The Will Of The Wisps","https://pokopow.com/ori-and-the-will-of-the-wisps/"
"Marvels Spider Man 2","https://pokopow.com/marvels-spider-man-2/"
"Mafia Ii Definitive Edition","https://pokopow.com/mafia-ii-definitive-edition/"
"F1 2024","https://pokopow.com/f1-2024/"
"Sackboy A Big Adventure","https://pokopow.com/sackboy-a-big-adventure/"
"Need For Speed Heat","https://pokopow.com/need-for-speed-heat/"
